ADB COMPANIES INC ,"18777 US HWY 66, PACIFIC, US",HTTP://WWW.ADB-US.COM,314-426-5200,
ADTECH SYSTEMS INC ,"490 BOSTON POST RD STE 12, SUDBURY, US",HTTP://WWW.ADTECH-SYS.COM,978-261-1077,
ALLEN VISUAL SYSTEMS INC. ,"1405 BUSCH PKWY, BUFFALO GROVE, US",HTTP://WWW.ALLENVISUAL.COM,847-520-4960,
AMERICOM INC ,"2910 WATERS RD STE 170, EAGAN, US",HTTP://WWW.MIDWESTAMERICOM.COM,651-726-2200,
APPLIED ELECTRONICS LTD ,"1260 KAMATO RD, MISSISSAUGA, CA",HTTP://WWW.APPLIEDELECTRONICS.COM,905-625-4321,
ATEA A/S ,"Tangen 4, Århus N, DK",HTTPS://WWW.ATEA.DK,+45 70252550,
ATEA A/S Norway ,"Brynsalléen 2, OSLO, NO",HTTPS://WWW.ATEA.NO,4722095000,
ATEA AS Estonia,"Järvevana 7b, Tallinn, EE",,+372 659 3190,
ATEA FINLAND OY ,"Jaakonkatu, 2, Vantaa, FI",,35810613611,
Atea Logistics AB ,"Smedjegatan 12, Vaxjo, SE",,+46 470771600,
Atea SIA ,"Unija str 15, Riga, LV",,+37167819050,
AUDIO VIDEO CORPORATION ,"213 BROADWAY, ALBANY, US",HTTP://WWW.AUDIOVIDEOCORP.COM,518-449-7213,
AUTOMATIC ENGINEERING LIMITED ,"#1201 B 12/F JOIN-IN HANG SING CTR, KWAI CHUNG, HK",HTTP://WWW.AUTOENG.BIZ,852 3590 6748,
A-V SERVICES INC ,"99 FAIRFIELD RD, FAIRFIELD, US",HTTP://WWW.AVSERVICES.NET,973-575-5222,
AV3 INC ,"28275 THREE NOTCH RD UNIT 200, MECHANICSVILLE, US",HTTP://WWW.AV3INC.COM,301-290-1020,
AVDG LLC ,"1625 REMUDA LN, SAN JOSE, US",HTTP://WWW.AVDG.COM,415-455-9913,
AVEX NL ,"Postbus 23, Breukelen, NL",HTTPS://WWW.AVEX-INT.COM/NL/NL/,+31 346259259,
AVI SYSTEMS INC ,"8019 BOND ST, LENEXA, US",HTTP://WWW.AVISYSTEMS.COM,913-495-9494,
AVIDEX AVIDEX INDUSTRIES LLC,"13555 BEL RED RD STE 226, BELLEVUE, US",HTTP://WWW.AVIDEXAV.COM,425-643-0330,INFO@AVIDEXAV.COM
AVI-SPL CANADA LTD ,"1-35 EAST BEAVER CREEK RD, RICHMOND HILL, CA",HTTP://WWW.AVISPL.COM,905-695-2202,
AVI-SPL Deutschland GmbH ,"Im Gefierth 11, Dreiech, DE",HTTPS://AVISPL.DE,+49 (0)15117143966,
AVI-SPL INC AUDIO VISUAL INNOVATIONS,"6301 BENJAMIN RD STE 101, TAMPA, US",HTTP://WWW.AVISPL.COM,813-884-7168,SALES@AVISPL.COM
AVI-SPL Limited ,"Unit 12 Armstrong Mall, Farnborough, GB",HTTPS://AVISPL.CO.UK,+44 8001814425,
AVMI Kinly Ltd ,"Europe House, Sunbury on Thames, GB",,448452626200,
BAKER AUDIO VISUAL INC ,"2195 N NORCROSS TUCKER RD, NORCROSS, US",HTTP://WWW.BAKERAUDIOVISUAL.COM,770-441-2000,SUPPORT@BAKERAUDIOVISUAL.COM
BFE Studio und Medien Systeme GmbH Germany,"An der Fahrt 1, MAINZ, DE",,+49 61319480,
BLUEWATER TECHNOLOGIES GROUP INC ,"30303 BECK RD, WIXOM, US",HTTP://WWW.BLUEWATERTECH.COM,248-356-4399,HELLO@BLUEWATERTECH.COM
CACHE VALLEY ELECTRIC CO ,"875 N 1000 W, LOGAN, US",HTTP://WWW.CVE.COM,435-752-6405,INFO@CVE.COM
CAROUSEL INDUSTRIES OF NORTH AMERICA INC,"659 S COUNTY TRL, EXETER, US",HTTP://WWW.CAROUSELINDUSTRIES.COM,800-401-0760,
Caverion Norge AS ,"Ole Deviks vei 46, Oslo, NO",,+47 46852966,
Caverion Suomi Oy ,"Torpantie 2, Vantaa, FI",,+358 406752175,
CCS PRESENTATION SYSTEMS (AZ) ,"17350 N HARTFORD DR, SCOTTSDALE, US",HTTP://WWW.CCSPROJECTS.COM,480-348-0100,
CCS PRESENTATION SYSTEMS (MD) ,"8980 ROUTE 108 STE B, COLUMBIA, US",HTTP://WWW.CCSPROJECTS.COM,410-290-9028,
CCS PRESENTATION SYSTEMS (TX) BUCKEYE TECHNOLOGY SOLUTIONS,"20212 HEMPSTEAD RD BLDG 1, HOUSTON, US",HTTP://WWW.TX.CCSPROJECTS.COM,281-804-7233,
CENERO LLC ,"2587 YELLOW SPRINGS RD, MALVERN, US",HTTP://WWW.CENERO.COM,610-344-7007,INFO@CENERO.COM
COITCOM SATELLITE SERVICES INC ,"2487 SPRING ST #5, REDWOOD CITY, US",HTTP://WWW.COITCOM.COM,650-306-2500,
CONFERENCE TECHNOLOGIES INC ,"11653 ADIE RD, MARYLAND HEIGHTS, US",HTTP://WWW.CONFERENCETECH.COM,314-993-1400,SALES@CONFERENCETECH.COM
CORBETT TECHNOLOGY SOLUTIONS INC ,"4151 LAFAYETTE CENTER DR STE 700, CHANTILLY, US",HTTP://WWW.CTSI-USA.COM,703-631-3377,SALES@CTSI-USA.COM
D.V.I SOLUTIONS (THAILAND) COMPANY LIMITED,"169/34 MOO7, MUBAN SAI 4 SQUARE, BANGKOK, TH",,66 2 404 2935,
D.V.I. SOLUTIONS (S) PTE. LTD. ,"33 UBI AVENUE 3, SINGAPORE, SG",HTTPS://WWW.DVIASIA.COM/,65 6741 4644,
DATA PROJECTIONS INC ,"3700 W SAM HOUSTON PKWY S STE 525, HOUSTON, US",HTTP://WWW.DATAPROJECTIONS.COM,713-781-1999,
DEKOM AG ,"Kellerbleek 3, Hamburg, DE",,+49 40808181100,
DEKOM Belgium NV/SA ,"2-4 Schuman Roundabout, Level 5, Brussels, BE",HTTP://WWW.DEKOM.COM,00000000,
Dekom Bv ,"Minervum 7444-H, Breda, NL",HTTP://WWW.DEKOM.COM,+31768200232,
DEKOM FRANCE ,"8 rue Ariane, Le Haillan, FR",,+32 556970962,
Dekom Visual Solutions SL Att. Carel Perez,"Avda. Sur Aeropuerto Barajas 16, Madrid, ES",,34911516723,
DGI COMMUNICATIONS LLC DGI TECHNOLOGIES,"101 BILLERICA AVE BLDG 6 DOCK 3, NORTH BILLERICA, US",HTTP://WWW.DGI-INVISUALS.COM,978-495-3800,
DIGITAL NETWORKS GROUP INC ,"20382 HERMANA CIRCLE, LAKE FOREST, US",HTTP://WWW.DIGITALNETWORKSGROUP.COM,949-428-6333,
Diversified,"37 MARKET ST, KENILWORTH, US",HTTP://WWW.DIVERSIFIEDUS.COM,908-245-4833,INFO@DIVERSIFIEDUS.COM
Diversified,"2975 NORTHWOODS PKWY, NORCROSS, US",HTTP://DIVERSIFIEDUS.COM,866-447-1004,
DIVERSIFIED ONE DIVERSIFIED AUDIO VISUAL CANADA,"4180 SLADEVIEW CRESCENT UNIT 4, MISSISSAUGA, CA",HTTPS://DIVERSIFIEDUS.COM,905-502-1110,
"Diversified, Ltd ","Unit 12/13 Egham Business Village, Egham, GB",,448459457000,
"Diversified, Ltd Euro ","Unit 12/13 Egham Business Village, Egham, GB",,+448459457000,
DOBIL LABORATORIES INC ,"1661 E SUTTER RD, GLENSHAW, US",HTTP://WWW.DOBIL.COM,412-782-3399,INFO@DOBIL.COM
Dustin Finland Oy ,"Puolikkotie 8, Espoo, FI",,358306238501,
ELECTRONIC CONTRACTING CO ,"PO BOX 29195, LINCOLN, US",HTTP://WWW.ECCOINC.COM,402-466-8274,
ELECTROSONIC INC ,"12400 WHITEWATER DR STE 140, MINNETONKA, US",HTTP://WWW.ELECTROSONIC.COM,818-333-3600,
ENGO LLC ,"4957 LAKEMONT BLVD SE STE C4 #348, BELLEVUE, US",HTTP://WWW.ENGO.COM,425-753-4369,INFO@ENGO.COM
EOS IT MANAGEMENT SOLUTIONS (SG) PTE LTD,"6 SHENTON WAY #38-01, SINGAPORE, SG",HTTP://WWW.EOSITS.COM,44 28 3025 1543,
EOS IT MANAGEMENT SOLUTIONS INC ,"30826 SANTANA ST, HAYWARD, US",HTTP://WWW.EOSITS.COM,408-907-9145,
EPA AUDIO VISUAL INC ,"7910 STATE HIGHWAY 55, ROCKFORD, US",HTTP://WWW.EPAAUDIO.COM,763-477-6931,EPASTAFF@EPAAUDIO.COM
ESCO PTE LTD ,"6 HARPER ROAD, #06-08, SINGAPORE, SG",HTTP://WWW.ESCO.COM.SG,65 6744 3100,
ESCO PTE. LTD ,"HYUNDAI TERRACE TOWER E1006~8,, SEOUL, KR",HTTP://WWW.ESCOKOREA.COM.SG,82 70 7018 2830,
ESCO UNIFIED SOLUTIONS INC. ,"UNIT 2601 26/F, MAKATI CITY, PH",HTTP://WWW.ESCO.COM.PH,632 945 7583,
FORD AUDIO VIDEO SYSTEMS LLC ,"4800 W I 40 SERVICE RD, OKLAHOMA CITY, US",HTTP://WWW.FORDAV.COM,405-946-9966,
GV Multi-Media Ltd ,"Unit 1 Inwood Business Park, Hounslow, GB",,+44 2088145950,
HB COMMUNICATIONS INC ,"60 DODGE AVE, NORTH HAVEN, US",HTTP://WWW.HBCOMMUNICATIONS.COM,800-243-4414,INFO@HBCOMMUNICATIONS.COM
i-CONTROL LTD ,"UNIT A&B, 12/F MG TOWER, KOWLOON, HK",HTTP://WWW.I-CONTROL.COM.HK,852 2590 0299,
IES COMMUNICATIONS IES COMMERCIAL,"4800 ALLIANCE GATEWAY FREEWAY, FORT WORTH, US",HTTP://WWW.IESCOMM.COM,770-480-2327,
IES COMMUNICATIONS IES COMMERCIAL,"2801 S FAIR LN, TEMPE, US",HTTP://WWW.IESCOMM.COM,480-379-6200,
IMMEDIA LLC ,"7661 E GRAY RD, SCOTTSDALE, US",HTTP://IMMEDIAAVS.COM,480-483-3399,SALES@IMMEDIAAVS.COM
IMS TECHNOLOGY SERVICES INC ,"3055 MCCANN FARM DR, GARNET VALLEY, US",HTTP://WWW.IMS-AV.COM,610-361-1870,
INTEREUM INC ,"9800 8TH AVE N, PLYMOUTH, US",HTTP://WWW.INTEREUM.COM,763-417-3300,
IVCI LLC ,"601 OLD WILLETS PATH, HAUPPAUGE, US",HTTP://WWW.IVCI.COM,631-273-5800,INFO@IVCI.COM
JKL TECHNOLOGIES INC ,"3245 GRANDE VISTA DR, NEWBURY PARK, US",HTTP://WWW.COS-JKL.COM,805-375-5820,
Kinly AS ,"Luramyrveien 79,, Sandnes, NO",,+47 51205000,
KINLY INC ,"2 RIDGEDALE AVE STE 100, CEDAR KNOLLS, US",HTTP://WWW.KINLY.COM,973-585-3000,
Kinly Ltd ,"6 Fleming Road, Livingston, GB",,+44 1506591000,
KINLY PTE. LTD. ,"60 ALBERT STREET, SINGAPORE, SG",HTTPS://WWW.KINLY.COM/,65 6872 9300,
LEE HARTMAN & SONS INC ,"3236 COVE RD NW, ROANOKE, US",HTTP://WWW.LEEHARTMAN.COM,540-366-3493,INFO@LEEHARTMAN.COM
LEMANVISIO SA ,"Cité Centre, Gland, CH",,41793290450,
LEVEL 3 AUDIO VISUAL ,"955 E JAVELINA AVE STE B106, MESA, US",HTTP://WWW.L3AV.COM,480-892-1071,INFO@L3AV.COM
LIGHTWERKS COMMUNICATION SYSTEMS INC,"701 E GARDENA BLVD, GARDENA, US",HTTP://WWW.LIGHTWERKS.COM,424-675-2600,SOUTHBAY@LIGHTWERKS.COM
LINX MULTIMEDIA ,"9900 E 51ST AVE, DENVER, US",HTTP://TEAMLINX.COM,303-574-1552,EXCELLENCE@TEAMLINX.COM
M3 TECHNOLOGY GROUP INC MULTI-MEDIA MASTERS INC,"925 AIRPARK CENTER DR, NASHVILLE, US",HTTP://WWW.M3TECHGROUP.COM,615-227-0717,INFO@M3VIDEO.COM
MAGENIUM SOLUTIONS LLC ,"535 PENNSYLVANIA AVE STE 103, GLEN ELLYN, US",HTTP://WWW.MAGENIUM.COM,630-786-5900,
Marvel CT LLC ,"Preobrazhenskaya sq., Moscow, RU",,+7 8123263232,
MATRIX VIDEO COMMUNICATIONS CORP ,"1626 - 115th AVE NE UNIT 103, CALGARY, CA",HTTP://WWW.MATRIXVIDEOCOM.COM,403-640-4490,SALES@MATRIXVIDEOCOM.COM
MC CANN SYSTEMS LLC ,"290 FERNWOOD AVE, EDISON, US",HTTP://WWW.MCCANNSYSTEMS.COM,732-346-9600,SALES@MCCANNSYSTEMS.COM
MCS IT Distribution Limited ,"Evagora Papachristoforou 6,, Limassol, CY",,+35725101565,
Mediasys AG ,"Schachenstrasse 24, Schönenwerd, CH",,+41 62 923 88 50,
mevis.tv GmbH ,"Blumenstrasse 42, STUTTGART, DE",,+49 7112142160,
MK2 Audiovisueel B.V.-Kinly Benelux ,"Minervum 7020, Breda, NL",,+31 765418950,
NATIONAL TECHNOLOGY ASSOCIATES ,"6651 SCHUSTER ST, LAS VEGAS, US",HTTP://WWW.NTECHASSOC.COM,702-410-7887,
NETRIX LLC ,"2801 LAKESIDE DR STE 125, BANNOCKBURN, US",HTTP://WWW.NETRIXLLC.COM,708-484-4160,
NEURILINK LLC ,"12586 W BRIDGER ST STE 100, BOISE, US",HTTP://WWW.NEURILINK.COM,208-385-0507,
ONE DIVERSIFIED KOREA LTD ,"14-8, TEHERAN-RO 71-GIL, SEOUL, KR",HTTP://WWW.DIVERSIFIEDUS.COM,82-2-2138-0221,
ONE DIVERSIFIED LLC ,"PO BOX 518, BEAVERTON, US",HTTP://WWW.DIVERSIFIEDUS.COM,503-641-8439,
One Diversified Netherlands B.V. ,"Herikerbergweg 88, Amsterdam, NL",,+448459737777,
PINNACLE AVL PINNACLE COMMUNICATION SERVICES,"730 FAIRMONT AVE, GLENDALE, US",HTTP://WWW.PINNACLEINC.COM,818-242-2000,
PRESENTATION PRODUCTS INC ,"171 MADISON AVE 12TH FL, NEW YORK, US",HTTP://WWW.PRESENTATIONPRODUCTS.COM,212-736-6350,
Presentations Data AS ,"Drammensveien 167, 3etg, Oslo, NO",,+47 22771900,
PRO AV SOLUTIONS (NSW) ALL A.V. PTY LIMITED,"Unit 8, 25 Frenchs Forest Road, Frenchs Forest, AU",HTTP://WWW.PROAVSOLUTIONS.COM.AU,02 8978 1700,
PRO AV SYSTEMS INC ,"275 BILLERICA RD STE 3, CHELMSFORD, US",HTTP://WWW.PROAVSI.COM,978-692-5111,
PRO SOUND CA ,"1375 NE 123RD ST, MIAMI, US",HTTP://WWW.PROSOUND.NET,818-985-9955,
proAV GmbH ,"Silostrasse 39, Frankfurt am Main, DE",,+491703148329,
proAV Ltd - Commercial ,"ProAv House, Egham, GB",,441784487000,
QUINTRON SOLUTIONZ ,"2105 S BLOSSER RD, SANTA MARIA, US",HTTP://WWW.SOLUTIONZINC.COM,805-928-4343,
RADIANT TECHNOLOGY GROUP INC ,"7730 N CENTRAL DR, LEWIS CENTER, US",HTTP://WWW.RADIANTTECH.NET,800-348-4008,
RAHI SYSTEMS INC ,"48303 FREMONT BLVD S, FREMONT, US",HTTP://WWW.RAHISYSTEMS.COM,510-870-1501,
RAHI SYSTEMS PRIVATE LIMITED ,"301, 4TH FLOOR, PRIDE PORTAL,, PUNE, IN",HTTP://WWW.RAHISYSTEMS.COM,91 75 0771 3355,
RAHI SYSTEMS PTE. LTD. ,"70 SHENTON WAY, SINGAPORE, SG",HTTP://WWW.RAHISYSTEMS.COM,65 6214 3969,
RED THREAD SPACES LLC ,"293 BOSTON POST RD W STE 150, MARLBOROUGH, US",HTTP://WWW.RED-THREAD.COM,617-439-4900,
RTS SOLUTIONZ INC ,"85 SCHMITT BLVD, FARMINGDALE, US",HTTP://WWW.RTSSOLUTIONZ.COM,516-931-7144,
SENSORY TECHNOLOGIES ,"6951 CORPORATE CIR, INDIANAPOLIS, US",HTTP://WWW.SENSORYTECHNOLOGIES.COM,800-488-4336,
Signal Perfection Ltd-Dubai Branch ,"DUBAI INVESTMENT PARK 2, Dubai, AE",,+971 4 810 8100,
SKC COMMUNICATION PRODUCTS LLC ,"8320 HEDGE LANE TER, SHAWNEE, US",HTTP://WWW.SKCCOM.COM,800-882-7779,CONTACT.US@SKCCOM.COM
Smartcomm Ltd. - Commercial ,"Halifax Road, High Wycombe, GB",,+44 1494471912,
SMILEY'S AUDIO-VISUAL INC ,"PO BOX 6925, LAKELAND, US",HTTP://WWW.SMILEYSAUDIOVISUAL.COM,863-667-1998,INFO@SMILEYSAUDIOVISUAL.COM
SOLOTECH INC ,"5200 HOCHELAGA ST, MONTREAL, CA",HTTP://WWW.SOLOTECH.QC.CA,514-526-7721,
SOLUTIONZ CONFERENCING INC ,"901 BRINGHAM AVE, LOS ANGELES, US",HTTP://WWW.SOLUTIONZINC.COM,310-571-1207,
SOLUTIONZ INC UNIFIED TECHNOLOGY SYSTEMS INC,"120 INTERSTATE NORTH PKWY E, ATLANTA, US",HTTP://WWW.SOLUTIONZINC.COM,770-955-7368,
SOUNDCOM SYSTEMS ,"227 DEPOT ST, BEREA, US",HTTP://WWW.SOUNDCOM.NET,440-234-2604,
SPECTRUM AUDIO VISUAL PTE LTD ,"VERTEX 33, UBI AVE 3,, SINGAPORE, SG",HTTPS://WWW.SPECTRUM.COM.SG,65 6722 3688,
SPINITAR PRESENTATION PRODUCTS INC ,"16751 KNOTT AVE STE 100, LA MIRADA, US",HTTP://WWW.SPINITAR.COM,714-367-2900,
Streamnet Ltd. ,"Váci út 182., Budapest, HU",,+3614123000,
SUMMIT SOLUTIONZ INC ,"1880 ENTERPRISE DR, BUFORD, US",HTTP://WWW.SUMMITSOLUTIONZ.COM,678-482-8010,
SVT SPORT VIEW TECHNOLOGIES,"7699 LOCHLIN DR, BRIGHTON, US",HTTP://WWW.GOSVT.COM,248-437-0041,
System Video attn: Reception,"System House, DUBLIN, IE",,+353 16200900,
TEKWORKS INC ,"13000 GREGG ST STE B, POWAY, US",,858-668-1705,
TEL SYSTEMS/THALNER ELECTRONIC LABS ,"7235 JACKSON RD, ANN ARBOR, US",HTTP://WWW.THALNER.COM,734-761-4506,SALES@TELSYSTEMSUSA.COM
TELEHEALTH SERVICES ,"1100 CRESCENT GREEN STE 200, CARY, US",HTTPS://WWW.TELEHEALTH.COM,919-719-7046,
TELUS INC (ON) ATTN: AP/DISBURSEMENTS DEPT,"PO BOX 251, CONCORD, CA",,416-673-8849,
TIERNEY BROTHERS INC ,"1771 ENERGY PARK DR STE 100, SAINT PAUL, US",HTTP://WWW.TIERNEYBROTHERS.COM,612-331-5500,CONTACTFORM@TIERNEYBROTHERS.COM
TOTAL VIDEO PRODUCTS INC ,"414 SOUTHGATE CT, MICKLETON, US",HTTP://WWW.TOTALVIDEOPRODUCTS.COM,856-423-7400,INFO@TOTALVIDEOPRODUCTS.COM
TRITECH COMMUNICATIONS INC ,"625 LOCUST ST STE 300, GARDEN CITY, US",HTTP://WWW.TRITECHCOMM.COM,516-400-7354,
TROXELL COMMUNICATIONS ,"4675 E COTTON CENTER BLVD STE 155, PHOENIX, US",HTTPS://WWW.TROXELLSOLUTIONS.COM,602-437-7240,
TSI GLOBAL COMPANIES LLC ,"700 FOUNTAIN LAKES BLVD, SAINT CHARLES, US",HTTP://WWW.TSI-GLOBAL.COM,636-949-8889,
TVS PRO TV SPECIALISTS INC,"180 E 2100 S, SALT LAKE CITY, US",HTTPS://WWW.TVSPECIALISTS.COM,801-486-5757,
USIS AUDIO VISUAL INC ,"35 W JEFFERSON AVE, PEARL RIVER, US",HTTP://WWW.USIS.NET/,845-358-7755,
VAV Medientechnik GmbH ,"Celsiusstraße 3, Landsberg am Lech, DE",,+49 819194590,
VEGA GLOBAL TECHNOLOGY TAIWAN LTD. ,"14F-1, NO.128, SEC 3, MINSHENG E RD, TAIPEI, TW",HTTP://WWW.VEGA-GLOBAL.COM.TW/,886 2 3518 2888,
VEGA PROJECT (THAILAND) ,"47/348 9TH FLR INDUSTRY CONDOMINIUM, NONTHABURI, TH",HTTP://WWW.VEGA-GLOBAL.COM,66 81 8346 452,
VEGA PROJECT KOREA ,"5F, SAMBO BUILDING, SEOUL, KR",HTTP://WWW.VEGA-GLOBAL.COM,82 2425-7081,
VEGA PROJECT PTE LTD ,"10 UBI CRESCENT #05-81 & #05-82, SINGAPORE, SG",HTTP://WWW.VEGA-GLOBAL.COM.SG,65 6320 9484,
VEGA PROJECT SDN BHD ,"J-7-2, SETIAWALK, SELANGOR, MY",HTTP://WWW.VEGA-GLOBAL.COM,60 03 8601 4577,
VEGA PROJECTS PHILIPPINES INC ,"RAFFLES CORPORATE CENTER UNIT 2603,, PASIG CITY, PH",HTTP://WWW.VEGA-GLOBAL.COM,632 7063682,
"VEGA PROJECTS VIETNAM CO., LTD ","M FLOOR, 86A XUAN THUY STREET, HO CHI MINH, VN",HTTPS://WWW.VEGA-GLOBAL.COM,842 822 536 711,
Vega Technology (Europe) Ltd ,"Unit 1 Bell Centre, Crawley, GB",,+44 800 319 6094,
VEGA TECHNOLOGY LIMITED ,"21/Fl WYLER CENTRE PHASE II, HONG KONG, HK",,852 2310 1138,
VERREX LLC ,"1130 ROUTE 22, MOUNTAINSIDE, US",HTTP://WWW.VERREX.COM,908-232-7000,
Verrex Ltd co Mazars LLP ,"The Pinnacle, Milton Keynes, GB",,19082327000,
VICOM - ISOFT VIRGINIA INTEGRATED COMMUNICATION,"5361 CLEVELAND ST, VIRGINIA BEACH, US",HTTP://WWW.VICOM.COM,757-490-7777,
VIDELIO-IEC ,"141 AV Des Gresillons, Gennevilliers, FR",,+33 223355757,
VIDEO HI-TECH CORP ADWAR VIDEO,"125 GAZZA BLVD, FARMINGDALE, US",HTTP://WWW.ADWARVIDEO.COM,631-777-7070,SALES@ADWARVIDEO.COM
VISION TECHNOLOGIES INC ,"530 MCCORMICK DR STE J, GLEN BURNIE, US",,410-424-2183,
VISTACOM INC ,"1902 VULTEE ST, ALLENTOWN, US",HTTP://WWW.VISTACOMINC.COM,610-791-9081,
VSGI ,"7900 WESTPARK DR STE T-610, MCLEAN, US",HTTP://WWW.VSGI.COM,703-848-8200,
WASHINGTON PROFESSIONAL SYSTEMS ,"11242 GRANDVIEW AVE, SILVER SPRING, US",HTTP://WWW.WPSWORLD.COM,301-942-6800,SALES@WPSWORLD.COM
WESTERN AUDIO VISUAL ,"1592 N BATAVIA ST STE 2, ORANGE, US",HTTP://WWW.WAV1.COM,714-637-7272,
WHITLOCK AUDIO FIDELITY COMMUNICATIONS CORP,"12820 WEST CREEK PKWY STE M, RICHMOND, US",HTTP://WWW.WHITLOCK.COM,804-273-9100,
YORK TELECOM CORP ,"81 CORBETT WAY, EATONTOWN, US",HTTP://WWW.YORKTEL.COM,732-413-6000,INFO@YORKTEL.COM
